username,email,password,repassword
Lareina,sed.pede@icloud.ca,MYI12VOY9XUD2N4,MYI12VOY9XUD2N4
Abraham,ut.pellentesque@google.com,OMC24NNU5YVI9F0,OMC24NNU5YVI9F0
Breanna,tempor.est@hotmail.com,XSW55LVN5CQN1L2,XSW55LVN5CQN1L2
Malik,nunc.est@outlook.ca,EJL56QNI8BWM8I3,EJL56QNI8BWM8I3
Mannix,sit@icloud.edu,ZVD47EWA3FJD8T1,ZVD47EWA3FJD8T1
Maggie,scelerisque.neque.nullam@google.com,WKG82WFI1TNY7P5,WKG82WFI1TNY7P5
Alden,ipsum.sodales.purus@outlook.couk,XOA77TRN4TJF5N1,XOA77TRN4TJF5N1
Zachery,mauris@hotmail.ca,VHP17CXE9QWA2H6,VHP17CXE9QWA2H6
Harper,lacus.aliquam@icloud.ca,EIX09KXB6NCQ7Q8,EIX09KXB6NCQ7Q8
Colt,gravida.sit@icloud.couk,LFT33XAC8UHG2X4,LFT33XAC8UHG2X4
Heidi,etiam@outlook.com,GYT71MKC9BQI6Y6,GYT71MKC9BQI6Y6
Regina,in.ornare@protonmail.edu,UUX80VXW3ZQD3O0,UUX80VXW3ZQD3O0
Colin,fusce@aol.org,UDL03EHF8HVW4D2,UDL03EHF8HVW4D2
Ferris,eu.erat.semper@aol.com,IKK37VUP2NPU2J8,IKK37VUP2NPU2J8
Burton,lectus@hotmail.ca,DTB17OMI3INI7Q8,DTB17OMI3INI7Q8
Bruno,donec@outlook.edu,IDA87EGN5ZIM0D3,IDA87EGN5ZIM0D3
Justine,taciti.sociosqu.ad@icloud.edu,SEE15RGU1QKP9T1,SEE15RGU1QKP9T1
Anthony,blandit.enim.consequat@icloud.com,ORL23KLS1KKQ5T7,ORL23KLS1KKQ5T7
Chancellor,augue.eu@yahoo.org,YNR43IXU2LVP1J1,YNR43IXU2LVP1J1
Kitra,ac.arcu@icloud.org,XCN78ZID6IHU3M3,XCN78ZID6IHU3M3
Kiara,nunc@aol.net,TUG67OZL3MCT3Y6,TUG67OZL3MCT3Y6
Craig,a.purus@protonmail.ca,YEV30TYX3FXH8B2,YEV30TYX3FXH8B2
Bernard,a.aliquet.vel@hotmail.edu,CKG53KUQ4XCI3Q2,CKG53KUQ4XCI3Q2
Tamekah,id@protonmail.net,WXE68BRI2DKE2H1,WXE68BRI2DKE2H1
Abigail,in.scelerisque.scelerisque@google.edu,CAQ58PNL7MPR6H7,CAQ58PNL7MPR6H7
Griffith,suspendisse.commodo.tincidunt@yahoo.com,IQD17NTJ9RGL2P9,IQD17NTJ9RGL2P9
Tara,integer.eu@hotmail.net,QGE24ZPX7ZYZ5E5,QGE24ZPX7ZYZ5E5
Tara,eu.elit@google.edu,GYQ36BLV1KTQ4E2,GYQ36BLV1KTQ4E2
Eric,scelerisque.sed@google.org,KPH35IFK0NIH9G8,KPH35IFK0NIH9G8
Honorato,mollis.phasellus@yahoo.couk,WOT54GHU8DCR8S3,WOT54GHU8DCR8S3
Carter,phasellus.in@icloud.ca,VSG27YKR9HBR4J1,VSG27YKR9HBR4J1
Galvin,aliquam.rutrum.lorem@protonmail.net,LGW70DJH8FJK6A6,LGW70DJH8FJK6A6
Alyssa,vitae.aliquet@protonmail.edu,EAK15MYK1FAF5A6,EAK15MYK1FAF5A6
Kylynn,in.cursus@protonmail.com,BID65BWE5PWY9B3,BID65BWE5PWY9B3
Emma,congue.elit@icloud.couk,HSL42EVF7FAI6W9,HSL42EVF7FAI6W9
April,quis.diam.luctus@icloud.edu,CFP24IVX5XKV2C7,CFP24IVX5XKV2C7
Ayanna,sed.hendrerit@hotmail.org,JLG40EMD1YHK2Y7,JLG40EMD1YHK2Y7
Sebastian,mauris.ipsum@yahoo.edu,TYK63YID1WVS8B6,TYK63YID1WVS8B6
Teegan,ut.dolor@outlook.edu,ENN47CRN7EPG8T3,ENN47CRN7EPG8T3
Kylie,non.arcu@protonmail.edu,PME65FZP8IOY5G2,PME65FZP8IOY5G2
Lewis,nec.mollis@icloud.ca,KDB45JPE5HBD7Z0,KDB45JPE5HBD7Z0
Reece,dapibus.rutrum.justo@yahoo.ca,NKB53HDB6VQG7H3,NKB53HDB6VQG7H3
Garrison,faucibus.id@aol.com,FFN61LPI7HIA9O4,FFN61LPI7HIA9O4
Adria,quam.a@aol.org,HDD25WQF8SAM6S8,HDD25WQF8SAM6S8
Jacqueline,egestas@google.ca,VRR39IVF3TNO4U1,VRR39IVF3TNO4U1
Troy,mauris@icloud.edu,GEU12HGR6GLF2D9,GEU12HGR6GLF2D9
Micah,aenean.euismod.mauris@outlook.couk,LJY24EAC8SAI9K8,LJY24EAC8SAI9K8
Sara,sit.amet@outlook.edu,LIF01DGJ4QXY5P4,LIF01DGJ4QXY5P4
Dora,consectetuer.adipiscing@icloud.org,HNX11IGF8KLZ6F7,HNX11IGF8KLZ6F7
Elizabeth,donec.est.mauris@outlook.couk,DUE74VVD1YGO9X2,DUE74VVD1YGO9X2
Preston,sed.dictum.proin@aol.edu,JMD99UXL4IPQ5M4,JMD99UXL4IPQ5M4
Barry,adipiscing.elit@yahoo.edu,NLF02DJL7CBO1B7,NLF02DJL7CBO1B7
Timon,ultrices.duis.volutpat@icloud.org,TFD63FUU4XSF6P7,TFD63FUU4XSF6P7
Basia,dui.fusce@google.net,QMP38QMF2BEC4K7,QMP38QMF2BEC4K7
Vernon,vehicula@icloud.net,OBB76IBB8YTZ8S1,OBB76IBB8YTZ8S1
Nell,ultricies.ligula@protonmail.ca,WBI88TOL4IQL1X2,WBI88TOL4IQL1X2
Iola,nunc.nulla@hotmail.com,JPO45QKY3WNE8N7,JPO45QKY3WNE8N7
Desiree,erat.volutpat@outlook.com,IFY53IMG2VPE4Q6,IFY53IMG2VPE4Q6
Edward,bibendum.donec@hotmail.net,OLU50EEW6MVB1H6,OLU50EEW6MVB1H6
Allen,nec.diam@google.edu,LQJ70ZJV3ELK1M8,LQJ70ZJV3ELK1M8
Keane,feugiat.non@aol.org,EBW58OLU8JRL0V1,EBW58OLU8JRL0V1
Marvin,id.blandit@protonmail.net,TFC26CQP4NHY0U9,TFC26CQP4NHY0U9
Vivien,etiam.gravida@yahoo.edu,PBU96MJB4TIG9Y5,PBU96MJB4TIG9Y5
Maggy,et.rutrum@outlook.net,RFO21BNP5IYX3Q9,RFO21BNP5IYX3Q9
Brynn,elit.pellentesque@outlook.ca,BCX78XWB3MMN3K4,BCX78XWB3MMN3K4
Jackson,sapien.nunc.pulvinar@protonmail.net,WHY41LXL9QHH6U5,WHY41LXL9QHH6U5
Lucas,diam@google.net,MPX60IDE5MNH3U7,MPX60IDE5MNH3U7
Dante,suspendisse.eleifend@protonmail.edu,NYT32MPF3WTB5S4,NYT32MPF3WTB5S4
Carl,egestas.rhoncus@icloud.edu,UDJ43JDS1QRI3J6,UDJ43JDS1QRI3J6
Rashad,vivamus.euismod.urna@yahoo.org,FOS55IKP0RIO4X1,FOS55IKP0RIO4X1
Kadeem,natoque.penatibus@aol.couk,ULN58INP5WKW4P3,ULN58INP5WKW4P3
Knox,interdum@hotmail.com,BEA63DZD8SNP1I4,BEA63DZD8SNP1I4
Celeste,nulla.facilisi@protonmail.edu,UOM85ENB2WWP1P4,UOM85ENB2WWP1P4
Fletcher,nunc.commodo@aol.couk,MOI32NBJ8HRS2M2,MOI32NBJ8HRS2M2
Luke,et.arcu@outlook.net,OBZ57RJP2YKO2O4,OBZ57RJP2YKO2O4
Benjamin,nascetur.ridiculus@google.org,VAS42ZFC3INS8G7,VAS42ZFC3INS8G7
Wang,nec.leo@hotmail.com,DUR72WEU2QLC6C0,DUR72WEU2QLC6C0
Avram,faucibus@outlook.couk,JDT59HFV8GNP3C4,JDT59HFV8GNP3C4
Jacob,euismod@hotmail.org,IQI55VHV3CWZ5J4,IQI55VHV3CWZ5J4
Carson,ipsum@outlook.ca,SJM19YVE6JIU1Z2,SJM19YVE6JIU1Z2
Derek,metus.sit.amet@google.ca,VMK64EUK3WUI5Q0,VMK64EUK3WUI5Q0
Christen,dictum.cursus@aol.org,TSI33PEH7KCD4N2,TSI33PEH7KCD4N2
Jack,pede@aol.ca,JFV23IOQ8ISG2N6,JFV23IOQ8ISG2N6
Joel,arcu.vestibulum@google.edu,YEP62HHE5CRY6H8,YEP62HHE5CRY6H8
Phoebe,non.egestas@aol.com,ICM97LGG4XLQ7A8,ICM97LGG4XLQ7A8
Anika,a.ultricies@yahoo.net,IVU87LLF1ZHQ6H1,IVU87LLF1ZHQ6H1
Lael,aptent.taciti.sociosqu@icloud.couk,XDS38RPQ1UYW1K6,XDS38RPQ1UYW1K6
Hannah,urna.convallis.erat@protonmail.ca,CQH83KKD7BPX5L6,CQH83KKD7BPX5L6
Gloria,at.egestas.a@yahoo.org,YFG56YHR7TIM5Q4,YFG56YHR7TIM5Q4
Adam,orci.luctus@protonmail.com,RPD52OFD5GNS8B4,RPD52OFD5GNS8B4
Holly,sit.amet@protonmail.net,OME39WWM3NHM3E8,OME39WWM3NHM3E8
Vaughan,tellus@google.org,EJX72YVG6FQZ8X4,EJX72YVG6FQZ8X4
Tatyana,vehicula.et@icloud.com,YZO05UNT8IHB1H9,YZO05UNT8IHB1H9
Merrill,dolor@hotmail.com,SQK43FOT5MVG5Y7,SQK43FOT5MVG5Y7
Farrah,eget.metus@outlook.couk,TJP63ONQ6SSF7L1,TJP63ONQ6SSF7L1
Madaline,dui.cum@icloud.com,JKB88DMR2NNJ7X1,JKB88DMR2NNJ7X1
Regan,diam.lorem@outlook.edu,JWC02VGZ1EFR8H4,JWC02VGZ1EFR8H4
Elmo,urna.et.arcu@google.net,UBU55EWI8JQT9L2,UBU55EWI8JQT9L2
Aurora,et.magnis@google.edu,PJG06LSW5HXW8Q6,PJG06LSW5HXW8Q6
Elmo,in.felis@icloud.org,BWR88LHL7ROE1R4,BWR88LHL7ROE1R4
Gay,aliquet.sem@outlook.net,OSJ16JCO5LIU4V7,OSJ16JCO5LIU4V7
Hakeem,metus.eu@protonmail.net,DBO04VYR5OYC6U0,DBO04VYR5OYC6U0
Hammett,ut.tincidunt.orci@yahoo.edu,BTN74BOR7LWP6W2,BTN74BOR7LWP6W2
Ian,dis.parturient.montes@protonmail.com,ISB25VKX7VRO8Q0,ISB25VKX7VRO8Q0
Maggy,sit.amet@hotmail.edu,XHT80BUJ9VNV9N5,XHT80BUJ9VNV9N5
Clayton,nec.leo@aol.couk,NKL23RSF6HLY5Y0,NKL23RSF6HLY5Y0
Lareina,morbi@google.net,LUU18EDI8CHM7U8,LUU18EDI8CHM7U8
Walter,blandit.congue@protonmail.com,WGE68PAV9ENQ0U4,WGE68PAV9ENQ0U4
Colt,curabitur.egestas@protonmail.couk,EXU13JYF5JIL3B3,EXU13JYF5JIL3B3
Hilda,est.mollis@hotmail.ca,WDB89HAJ1WTD7J4,WDB89HAJ1WTD7J4
David,erat.eget@hotmail.net,PWG53YTL2NRE5S8,PWG53YTL2NRE5S8
Halla,morbi.sit@google.edu,FQR87CVU2ZWD9U5,FQR87CVU2ZWD9U5
Ariel,parturient@outlook.ca,QKW77PND4DXV2S4,QKW77PND4DXV2S4
Hilel,molestie.pharetra@yahoo.org,YDW37PWU4CBL2I9,YDW37PWU4CBL2I9
Gloria,vel.sapien@protonmail.org,JMS53UEU3WDB9O1,JMS53UEU3WDB9O1
Yoshi,eu.sem@yahoo.com,UYU58WYS6QEV1U3,UYU58WYS6QEV1U3
Ivan,dolor.nulla.semper@icloud.edu,SBY33KTQ7HKS3L4,SBY33KTQ7HKS3L4
Lana,tristique.neque@protonmail.org,WLY15JOJ7ZAV6J0,WLY15JOJ7ZAV6J0
Charity,rhoncus.donec@aol.com,WGG47DGS1DUB3H8,WGG47DGS1DUB3H8
Amal,nibh@google.org,PEU67SYK1JVF5I3,PEU67SYK1JVF5I3
Jade,odio@icloud.org,RUO75AFY1YFK5P3,RUO75AFY1YFK5P3
Veda,tempus.mauris@outlook.net,TQI42JTS1FRU5C7,TQI42JTS1FRU5C7
Kirestin,lacus.pede.sagittis@protonmail.couk,HLB58MID4EFH3L4,HLB58MID4EFH3L4
Roth,metus@protonmail.edu,MJM70BPE4BNL5A3,MJM70BPE4BNL5A3
Nathaniel,facilisis@google.couk,NZA71XAY4ORP9C1,NZA71XAY4ORP9C1
Preston,bibendum.sed.est@yahoo.net,JJQ32PJP8CSH3U0,JJQ32PJP8CSH3U0
Mechelle,fermentum.arcu@aol.org,WAU84SGL2YLR1Q6,WAU84SGL2YLR1Q6
Jeanette,consectetuer@aol.com,BZO48VEE0LPT8G6,BZO48VEE0LPT8G6
Igor,sed.congue@google.ca,SPM85FMF1HWQ8H8,SPM85FMF1HWQ8H8
Kellie,congue@yahoo.ca,CFV17GZQ6EUS6K6,CFV17GZQ6EUS6K6
Gage,cursus.integer.mollis@google.couk,JTD11ZTY5ONV8G1,JTD11ZTY5ONV8G1
Alexander,arcu.curabitur@outlook.net,BTW04GTO3CHN4T7,BTW04GTO3CHN4T7
Vanna,sit@yahoo.org,KKQ55PFX4WIW0L8,KKQ55PFX4WIW0L8
Lavinia,velit.justo@google.edu,WUK47NNK8SPA5X6,WUK47NNK8SPA5X6
Madeson,malesuada.malesuada@hotmail.com,MYG56PVZ1VFM4A7,MYG56PVZ1VFM4A7
Brett,sed.nec@aol.org,CMX86LJS8MCR8L8,CMX86LJS8MCR8L8
Lewis,cursus.integer@icloud.couk,QDF79HUK8XWB2F9,QDF79HUK8XWB2F9
Craig,cubilia.curae@hotmail.com,BYR46RXG7CBK2R5,BYR46RXG7CBK2R5
Christian,fermentum.fermentum@aol.org,JKJ42TDM5KJB0I0,JKJ42TDM5KJB0I0
Victor,pede.sagittis.augue@protonmail.com,EMJ91JKP8YQA2C4,EMJ91JKP8YQA2C4
Keefe,luctus.ipsum@yahoo.net,OUH12TUT3RRJ0H2,OUH12TUT3RRJ0H2
Noble,sapien.nunc@aol.org,ORP73RWR7XIC8F5,ORP73RWR7XIC8F5
Mohammad,egestas.a@icloud.org,EFY73OHY2KKK7B6,EFY73OHY2KKK7B6
Justin,sem.egestas.blandit@yahoo.org,UEH57VSC5CHI5W7,UEH57VSC5CHI5W7
Rhona,quisque@protonmail.couk,JLY25DGU4MQQ5O6,JLY25DGU4MQQ5O6
Troy,pretium.neque@google.ca,SCC14BNY6SHG8D1,SCC14BNY6SHG8D1
Bruce,sem.pellentesque@icloud.edu,BKW32YYK0YSS9X5,BKW32YYK0YSS9X5
Talon,vitae.erat.vivamus@protonmail.ca,CHH74NSV8NCO1B1,CHH74NSV8NCO1B1
Emily,augue.sed@aol.com,RCJ96LHM3YJK3Z1,RCJ96LHM3YJK3Z1
Travis,vel.pede@aol.org,TND11YKG2TBL8J9,TND11YKG2TBL8J9
Hector,ut.pellentesque@outlook.net,HVX71UOD8NLB3N2,HVX71UOD8NLB3N2
Larissa,ipsum.leo@aol.ca,JQP69TXS1UJI8O7,JQP69TXS1UJI8O7
Wing,pede.nunc@hotmail.net,YJT35UFH2KKW8M4,YJT35UFH2KKW8M4
Lucian,sapien.cras@outlook.org,VJL09OWY0UBG2X5,VJL09OWY0UBG2X5
Asher,praesent.interdum@protonmail.com,VZF92CUD3BMB3P9,VZF92CUD3BMB3P9
Adrian,quam.dignissim.pharetra@outlook.com,TJC75RXY3TPW7H6,TJC75RXY3TPW7H6
Micah,nec.urna.et@protonmail.com,FBF47BOH8ETV3E1,FBF47BOH8ETV3E1
Vernon,mus.proin@icloud.edu,KAN43ZCO0BIA0H6,KAN43ZCO0BIA0H6
Mufutau,erat.in@google.edu,WJL76FCQ1JOJ2T7,WJL76FCQ1JOJ2T7
Kane,elit.sed.consequat@protonmail.ca,MUJ26CBU6HJS8C8,MUJ26CBU6HJS8C8
Heidi,sapien@icloud.edu,QOW66DCE1FUM5Z9,QOW66DCE1FUM5Z9
Isabelle,est@yahoo.ca,SEX57TWC3HXM4E0,SEX57TWC3HXM4E0
Rosalyn,neque.vitae@outlook.net,QKV50FSU2FWJ1J8,QKV50FSU2FWJ1J8
Raya,orci.ut@google.net,QWF88CYX4HHQ3S0,QWF88CYX4HHQ3S0
Ferdinand,purus@hotmail.couk,AYG53NYE5JJU6Q9,AYG53NYE5JJU6Q9
Laith,nulla@aol.edu,KIN75OJX9AJM6W4,KIN75OJX9AJM6W4
Chester,ornare.placerat@google.couk,WCJ42QBR3BBG7W7,WCJ42QBR3BBG7W7
Illana,pretium@protonmail.ca,LWC68KCG3ESW8I8,LWC68KCG3ESW8I8
Montana,aliquet@icloud.edu,WLY81FJO9GXL6L7,WLY81FJO9GXL6L7
Kevin,duis.at.lacus@icloud.edu,LYY90PIF8SMC1D6,LYY90PIF8SMC1D6
Stephen,nulla.eget@aol.org,ZNW33JHD2FUD8N8,ZNW33JHD2FUD8N8
Venus,duis.dignissim@hotmail.edu,MNT73OEV5JEO4E7,MNT73OEV5JEO4E7
Lacy,tristique.ac@icloud.org,HLS23HFB1VWA1D2,HLS23HFB1VWA1D2
Belle,ornare.in@hotmail.org,BCU15PHC8LZG4G3,BCU15PHC8LZG4G3
Aspen,eu@aol.edu,RDO88IQS2DUB5I7,RDO88IQS2DUB5I7
Leigh,pede.nec@aol.net,XOB83EVE4GLQ4X5,XOB83EVE4GLQ4X5
Inga,feugiat.nec.diam@yahoo.edu,BNZ49DQQ8VUU0O2,BNZ49DQQ8VUU0O2
Harriet,ut@icloud.net,HVB34CFI5QRP4T8,HVB34CFI5QRP4T8
Jerome,felis.eget.varius@yahoo.com,VFK26TDR7PEJ8V7,VFK26TDR7PEJ8V7
Ori,augue.eu.tellus@protonmail.com,JBQ67IOR4XHY8A4,JBQ67IOR4XHY8A4
Odette,mauris.magna@icloud.couk,UOF25FHI3JHH4B7,UOF25FHI3JHH4B7
Reese,est.vitae.sodales@yahoo.org,YSS62FTQ1QKO8B4,YSS62FTQ1QKO8B4
Breanna,fringilla.est@yahoo.couk,EKC14GDB4CHL3S0,EKC14GDB4CHL3S0
Sasha,pede@aol.net,RII34BJC6ITQ0V7,RII34BJC6ITQ0V7
Zeph,nec.ligula@google.couk,YGM39DUR8IIO1P1,YGM39DUR8IIO1P1
Xavier,ipsum.non@yahoo.net,GKR27XQS8UXC8O3,GKR27XQS8UXC8O3
Isadora,vitae.nibh@aol.net,TIV24IXS7KQG6K1,TIV24IXS7KQG6K1
Brady,neque@aol.couk,CCF43NXV2HWD6N6,CCF43NXV2HWD6N6
Urielle,felis@outlook.edu,VGW23MNF4FHO9J3,VGW23MNF4FHO9J3
Jason,blandit@protonmail.net,ZWD10QOM3KIC3S5,ZWD10QOM3KIC3S5
Georgia,magna.tellus@yahoo.org,GYG44DGZ4EXO7V8,GYG44DGZ4EXO7V8
Rinah,nibh@hotmail.edu,WVJ36TYI0LOK1D1,WVJ36TYI0LOK1D1
Tamara,arcu.vel@outlook.net,EWS48VLM5EKE2O5,EWS48VLM5EKE2O5
Dolan,dictum@icloud.org,XGY83SZB6UYR7I6,XGY83SZB6UYR7I6
Joy,iaculis.aliquet@icloud.net,FQB64MOR1NSE2K6,FQB64MOR1NSE2K6
Colin,sagittis@outlook.com,FCF61JCL2NPG7S4,FCF61JCL2NPG7S4
Aladdin,lorem.eu@aol.com,ZIY17MEN6EPU8I1,ZIY17MEN6EPU8I1
Bevis,sollicitudin.commodo@aol.edu,KOH75YBB3RLR3E1,KOH75YBB3RLR3E1
Courtney,sed.sapien.nunc@hotmail.edu,IUC12LDB6HHV7D3,IUC12LDB6HHV7D3
Micah,non.quam.pellentesque@protonmail.couk,TEB66LUF7LGV2G0,TEB66LUF7LGV2G0
Philip,non.lacinia@icloud.ca,WGH20HME4TQY7T0,WGH20HME4TQY7T0
Vivian,phasellus.dapibus@google.ca,DTC32MMR3OYL3J6,DTC32MMR3OYL3J6
Britanney,metus.vivamus@icloud.ca,UGY52RVE6NXU6G6,UGY52RVE6NXU6G6
Amal,mattis@yahoo.ca,OTH76YSI1TVK0Y3,OTH76YSI1TVK0Y3
Ira,ultrices@outlook.net,XCK03HGX5PTC5P2,XCK03HGX5PTC5P2
Daryl,congue@outlook.com,AIV61PUE7BFR2F7,AIV61PUE7BFR2F7
Carly,etiam.bibendum.fermentum@google.org,QWC04NNS6SBP6K8,QWC04NNS6SBP6K8
Axel,cras.vehicula@protonmail.com,KRJ47DYQ1TRS6H5,KRJ47DYQ1TRS6H5
Simone,donec.luctus@yahoo.ca,PHQ64MDY0WBP3Z3,PHQ64MDY0WBP3Z3
Jacqueline,lobortis.quis.pede@google.com,MCM58DJK8WWZ1P7,MCM58DJK8WWZ1P7
Ferris,lectus.quis.massa@icloud.net,OEK01CVR1MQR0X2,OEK01CVR1MQR0X2
Nissim,urna@protonmail.edu,XQD83DFU8YGC1U6,XQD83DFU8YGC1U6
Uriel,fermentum.vel@yahoo.edu,DBH05GWT9EVQ2N5,DBH05GWT9EVQ2N5
Stone,accumsan.neque@protonmail.net,RJX52MNQ6BGS1I4,RJX52MNQ6BGS1I4
Burton,non@icloud.org,YFC36VMF2ENB0Y5,YFC36VMF2ENB0Y5
Elton,ornare@outlook.ca,NPM80XLS9YOB8I6,NPM80XLS9YOB8I6
Samuel,eleifend.vitae@hotmail.com,PYO46YYY5ADU7Z8,PYO46YYY5ADU7Z8
Ralph,sagittis@outlook.couk,UYD26ZSU4IDT0U1,UYD26ZSU4IDT0U1
Addison,et.lacinia.vitae@protonmail.couk,HVP54TCC1TDT4M2,HVP54TCC1TDT4M2
Sylvester,lobortis@icloud.net,FQU54YVN3ILJ8Z4,FQU54YVN3ILJ8Z4
Kessie,non.lobortis@outlook.couk,GXT53ACY4ZQO3B7,GXT53ACY4ZQO3B7
Oscar,eget.lacus@protonmail.ca,SWX02IMV4QHG1L3,SWX02IMV4QHG1L3
Nigel,nulla.integer@icloud.net,FCK13PGF3HDE8F6,FCK13PGF3HDE8F6
Cairo,purus.mauris@outlook.ca,EKN93GYI7GCL7I3,EKN93GYI7GCL7I3
Jonah,sed.molestie.sed@aol.net,LJL18IBT8NJQ4O6,LJL18IBT8NJQ4O6
Geoffrey,neque@outlook.ca,KDY27CWZ3HRD2M4,KDY27CWZ3HRD2M4
Xander,nisl.arcu@hotmail.org,KVJ40DEE1PWY7J8,KVJ40DEE1PWY7J8
Buffy,sit.amet@aol.ca,FJT72CBP7WDX7Q3,FJT72CBP7WDX7Q3
Noelani,etiam.vestibulum@protonmail.com,MWC92TTH2XEQ5A7,MWC92TTH2XEQ5A7
Christopher,odio@outlook.com,RER34HTX5JUJ6K6,RER34HTX5JUJ6K6
Chelsea,dui.quis@yahoo.net,NTR63NXL5LOZ0W1,NTR63NXL5LOZ0W1
Allistair,mauris@outlook.ca,EAC98KGJ4WLH6B2,EAC98KGJ4WLH6B2
Leigh,quis@yahoo.couk,KOR68YES8RLT5E4,KOR68YES8RLT5E4
Destiny,vel.convallis@icloud.net,NUN86BCL1INW0R6,NUN86BCL1INW0R6
Stewart,diam.sed.diam@google.couk,FOS17HHT5PHQ4S9,FOS17HHT5PHQ4S9
Jameson,orci@protonmail.edu,RTE88NFH7NTT2D1,RTE88NFH7NTT2D1
Lucy,tellus.suspendisse@outlook.edu,HQE85IOB6ICK6K3,HQE85IOB6ICK6K3
Xavier,sed.eu@google.ca,FHH61TBQ2JTI4S5,FHH61TBQ2JTI4S5
Brody,purus.duis@hotmail.net,UCC48OAM8BFX5D6,UCC48OAM8BFX5D6
Ali,pellentesque.ut@google.ca,EFK34GSE8FCK6U8,EFK34GSE8FCK6U8
Castor,felis.ullamcorper@hotmail.com,NKF55HEF2HSR3H7,NKF55HEF2HSR3H7
Alexis,tortor.nibh@google.org,CVE55YXG7EFB2I3,CVE55YXG7EFB2I3
Larissa,convallis.in@google.net,ILJ64SDU7SOO6T7,ILJ64SDU7SOO6T7
Malachi,senectus@yahoo.net,XCG11OFE3EHI5D6,XCG11OFE3EHI5D6
Vanna,ac.mi@aol.couk,TGC85MLW7VFQ3U7,TGC85MLW7VFQ3U7
William,aliquam.ornare@outlook.com,PJQ32YKT1GHO4F5,PJQ32YKT1GHO4F5
Jackson,egestas@hotmail.net,FEG70WXY5ZSD6E7,FEG70WXY5ZSD6E7
Branden,dis.parturient@hotmail.couk,CZU72KDE6EVE2L5,CZU72KDE6EVE2L5
Octavia,fermentum.metus@yahoo.edu,OQD23YQT3MWH7X1,OQD23YQT3MWH7X1
Halee,orci@protonmail.couk,XBI37SOJ4WKC4O2,XBI37SOJ4WKC4O2
Carlos,rutrum.eu.ultrices@hotmail.edu,CIE73OJS6GCR3J8,CIE73OJS6GCR3J8
Ainsley,vitae.sodales.at@protonmail.com,GLV15SPF7CZL0Y6,GLV15SPF7CZL0Y6
Sharon,diam@yahoo.com,QVW81IJU5JRN3R3,QVW81IJU5JRN3R3
Rafael,vel.quam@google.couk,ABU91NPJ7KKU4M7,ABU91NPJ7KKU4M7
Yasir,tristique.pharetra@icloud.ca,BDT81AIK3YOW5O7,BDT81AIK3YOW5O7
Diana,urna@yahoo.net,FPR15XEX4WLD4D6,FPR15XEX4WLD4D6
Hilel,augue@aol.com,BIS57RAM1SOR5M0,BIS57RAM1SOR5M0
Kevin,eros.non.enim@aol.ca,XJV63EOD3TMA8F6,XJV63EOD3TMA8F6
Maxwell,nec.malesuada.ut@yahoo.org,HIL93UXP3PCU5S6,HIL93UXP3PCU5S6
Remedios,faucibus@google.ca,MUO37BEI8ZOX3P7,MUO37BEI8ZOX3P7
Fletcher,at@icloud.com,BFT26QEF8UJS9J2,BFT26QEF8UJS9J2
Aladdin,massa.lobortis.ultrices@protonmail.ca,YII15OSW2PYM1G9,YII15OSW2PYM1G9
George,elit@outlook.com,XSK32QAP8LGL5F4,XSK32QAP8LGL5F4
Trevor,donec.sollicitudin@hotmail.edu,NKK22KPK2WXQ1P1,NKK22KPK2WXQ1P1
Tarik,in.cursus@aol.ca,HCS17PDU9JPM1P3,HCS17PDU9JPM1P3
Linus,neque@google.org,OGN02HSS6PEB4N5,OGN02HSS6PEB4N5
Leo,curabitur.vel.lectus@protonmail.com,TGH75JGK5XYG4H2,TGH75JGK5XYG4H2
Carolyn,imperdiet.non@google.net,SWF53GRY3HIC2Q2,SWF53GRY3HIC2Q2
Jena,mi.felis@hotmail.org,JGV35DEN4CTO5F0,JGV35DEN4CTO5F0
Chaim,luctus.vulputate.nisi@outlook.couk,VCH89WPI4HXD7K6,VCH89WPI4HXD7K6
Wing,condimentum.donec.at@icloud.ca,KJS37LFU3LEZ8Y3,KJS37LFU3LEZ8Y3
Reuben,dolor.tempus@outlook.net,NEQ32EIX1DFG1N1,NEQ32EIX1DFG1N1
Forrest,porttitor.interdum@yahoo.couk,MMJ25OAG2HJJ4K1,MMJ25OAG2HJJ4K1
Garrison,vehicula.risus@icloud.edu,LQQ80VHT5RBT6U6,LQQ80VHT5RBT6U6
Herman,viverra.maecenas@icloud.edu,QWA11VXO8WYX2X6,QWA11VXO8WYX2X6
Nash,fringilla.donec@aol.couk,BGL51ELU6SWR7L4,BGL51ELU6SWR7L4
Palmer,erat.vel@hotmail.edu,BCJ26EUF8APW1T7,BCJ26EUF8APW1T7
Keane,eget.venenatis@protonmail.net,XMF45WNY7ZYB4N6,XMF45WNY7ZYB4N6
Maile,neque.tellus.imperdiet@hotmail.edu,AQY82KRO2EJO3B2,AQY82KRO2EJO3B2
Mufutau,cursus@protonmail.ca,ZIY51DDS7NQA3I1,ZIY51DDS7NQA3I1
Rudyard,ac.facilisis.facilisis@protonmail.com,ETU93UCM8FMS6X2,ETU93UCM8FMS6X2
Geoffrey,posuere.cubilia@icloud.net,LHM27QPQ3KOU2T6,LHM27QPQ3KOU2T6
Jermaine,et.eros@outlook.couk,DRA72WWZ2GPP3U5,DRA72WWZ2GPP3U5
Donovan,curabitur@yahoo.net,XEW81BIJ8NWY7P3,XEW81BIJ8NWY7P3
Katell,parturient.montes.nascetur@hotmail.ca,VBI71NSE0FUO8U9,VBI71NSE0FUO8U9
Carlos,consectetuer@hotmail.net,FBL67HGE5KGB5V1,FBL67HGE5KGB5V1
Stuart,ultrices.vivamus.rhoncus@protonmail.com,KEJ91LZD2GOI5M3,KEJ91LZD2GOI5M3
Xenos,in.hendrerit.consectetuer@google.org,UQT61DFX8MDS9L3,UQT61DFX8MDS9L3
Stacy,et.risus@google.org,FAX26CJE6GRP2E5,FAX26CJE6GRP2E5
Mollie,curae.donec@icloud.edu,QVH31TRR7RTM7J3,QVH31TRR7RTM7J3
Kaye,nunc.sed@hotmail.ca,YNS52BKJ4FOI1R9,YNS52BKJ4FOI1R9
Gavin,vel@aol.ca,XRB25MHO7MYV7Q6,XRB25MHO7MYV7Q6
Daria,sed@hotmail.edu,RIG03OVJ2NYJ8I8,RIG03OVJ2NYJ8I8
Medge,urna@hotmail.com,JPD76TTQ4YQJ7B9,JPD76TTQ4YQJ7B9
Aiko,lacus.varius.et@yahoo.org,IRM91NZT2DBM9C2,IRM91NZT2DBM9C2
Deacon,sed@protonmail.ca,CQV39IRN4FPJ3L4,CQV39IRN4FPJ3L4
Sacha,sit.amet@yahoo.couk,QQH82GLC1EUO4O1,QQH82GLC1EUO4O1
Maryam,nunc.mauris@outlook.edu,MNH45UHU3GWB2G3,MNH45UHU3GWB2G3
Rachel,vestibulum.nec@hotmail.org,OGC57GUP8KQN4J8,OGC57GUP8KQN4J8
Thane,blandit.mattis.cras@protonmail.net,GMK50UMH9PDL8P6,GMK50UMH9PDL8P6
Maggy,dui.cum@google.net,FLQ82ECX9YWE3B7,FLQ82ECX9YWE3B7
Leroy,lacus.mauris@icloud.net,ENJ05WDN3QYF5R4,ENJ05WDN3QYF5R4
Sigourney,netus@protonmail.org,DSN65NJV5XLD4X8,DSN65NJV5XLD4X8
Erica,egestas.hendrerit.neque@outlook.edu,ESI66IJY3UWH9P8,ESI66IJY3UWH9P8
Anthony,dolor.donec.fringilla@yahoo.edu,CHR43MIC6QTH5Q7,CHR43MIC6QTH5Q7
Jared,neque.sed.dictum@hotmail.ca,QGM21WDU9EYU6X4,QGM21WDU9EYU6X4
Jada,tincidunt@aol.ca,KQY82QJW2TTQ2H4,KQY82QJW2TTQ2H4
Selma,imperdiet.dictum.magna@aol.com,CFY82KVS3GSI3P8,CFY82KVS3GSI3P8
Octavius,nibh.dolor.nonummy@google.edu,YPV05RNM3JYY1C3,YPV05RNM3JYY1C3
Thor,luctus.ut.pellentesque@google.edu,UEP47NQX6MLN7Q2,UEP47NQX6MLN7Q2
Fletcher,vitae.posuere@aol.net,IYC10GAK7FIZ6B4,IYC10GAK7FIZ6B4
Natalie,nulla.cras@aol.couk,SSR00MLQ1XYR1C3,SSR00MLQ1XYR1C3
MacKenzie,morbi.tristique@protonmail.couk,PNA34HFU1GUO8D6,PNA34HFU1GUO8D6
Gannon,morbi.quis@protonmail.couk,RFS62OLN2BQU8R7,RFS62OLN2BQU8R7
Rachel,morbi.tristique.senectus@google.ca,YPQ15HXZ3GUI8J6,YPQ15HXZ3GUI8J6
Martin,purus@protonmail.couk,IKJ47RWI2MQV7Q1,IKJ47RWI2MQV7Q1
Leah,auctor@yahoo.edu,NXG15EHT4ZEN5W4,NXG15EHT4ZEN5W4
Caryn,quis.urna@icloud.ca,PIV56HIK7UFQ5C6,PIV56HIK7UFQ5C6
Sopoline,molestie.tellus@yahoo.ca,XSM16XNU3API9M8,XSM16XNU3API9M8
Chase,nec.malesuada.ut@protonmail.ca,EFA77MCX5RYG1Y7,EFA77MCX5RYG1Y7
Stuart,sem.semper.erat@yahoo.ca,LSV51HHM2HEN5G2,LSV51HHM2HEN5G2
Katelyn,purus@outlook.org,BXY61CGW8RPH2I0,BXY61CGW8RPH2I0
Abdul,dolor.sit@outlook.ca,XHH07VGE7KLS6J6,XHH07VGE7KLS6J6
Ian,blandit@google.edu,SDF43VTT7YTX3S6,SDF43VTT7YTX3S6
Nash,suspendisse@aol.net,DJB45JGP9XGE9O5,DJB45JGP9XGE9O5
Silas,cursus.et.magna@icloud.org,GHQ65NLZ7PHQ7R9,GHQ65NLZ7PHQ7R9
Bert,morbi.tristique.senectus@protonmail.org,XVD67UNB2HZU3S4,XVD67UNB2HZU3S4
Shaine,vel.mauris@yahoo.ca,BYY15KVM3KXJ3X7,BYY15KVM3KXJ3X7
Christen,dis.parturient@hotmail.org,BNG42LQO2DWW3C4,BNG42LQO2DWW3C4
Kimberly,non.quam@outlook.couk,MXO11EIK6NUU2B3,MXO11EIK6NUU2B3
Davis,suscipit@yahoo.org,EVY87YGD7RZO1X8,EVY87YGD7RZO1X8
Martin,per.conubia@icloud.ca,ICR41NGD4LVO4I5,ICR41NGD4LVO4I5
Eagan,accumsan.convallis@google.edu,FKV57LUD3YVH6K2,FKV57LUD3YVH6K2
Quail,porta.elit@outlook.couk,YWR78VPP2GSI5F6,YWR78VPP2GSI5F6
Sara,sem.semper@google.ca,EOU08UJL6PZR5T1,EOU08UJL6PZR5T1
Kylie,erat.nonummy@google.ca,HKA98EKD0YPS8I8,HKA98EKD0YPS8I8
Lawrence,fusce.mollis.duis@icloud.com,WKK05IVX6YZA3K3,WKK05IVX6YZA3K3
Kristen,sed.eu@yahoo.ca,KWF93MRC5LSA8W5,KWF93MRC5LSA8W5
Andrew,eget@hotmail.couk,BYW21EEB1IDJ7X4,BYW21EEB1IDJ7X4
Shelley,tellus@hotmail.com,EXY34OEV4IQU2U0,EXY34OEV4IQU2U0
Gage,lorem.eu.metus@yahoo.org,MQZ72UQC8WOZ6A2,MQZ72UQC8WOZ6A2
Lynn,risus.at@icloud.com,XFF32GAW5GEK2Q8,XFF32GAW5GEK2Q8
Blaze,dolor@google.com,TDO79JEH3XDC4G4,TDO79JEH3XDC4G4
Jaime,tristique.aliquet@outlook.net,GTJ82IVF8LHF7E5,GTJ82IVF8LHF7E5
Reece,nec@protonmail.org,SLU21KWY8CLY6D1,SLU21KWY8CLY6D1
Gloria,enim.consequat@icloud.ca,OIP57CNW8MGI2Y7,OIP57CNW8MGI2Y7
Melvin,euismod.in@yahoo.ca,HQP56DHN2MSG7Q4,HQP56DHN2MSG7Q4
Dawn,velit.sed@aol.com,WOF88NBM2FMS1X3,WOF88NBM2FMS1X3
Eve,vel.convallis@yahoo.ca,EEW16TUP0KHG9Y7,EEW16TUP0KHG9Y7
Vivien,tristique.aliquet.phasellus@google.org,JLH32JYI5BRW4M5,JLH32JYI5BRW4M5
Holmes,nostra.per@outlook.org,QSZ83PUT4UFW7N2,QSZ83PUT4UFW7N2
Peter,pretium.neque.morbi@outlook.com,TGD84EZL3LMG6F3,TGD84EZL3LMG6F3
Ila,consequat.dolor@google.com,AWY88KJU5VUS2E6,AWY88KJU5VUS2E6
Hayden,egestas.hendrerit@protonmail.couk,NVK11YPV6OYB5U4,NVK11YPV6OYB5U4
Georgia,nulla.integer.vulputate@yahoo.ca,VLK48OSE2JTL3T4,VLK48OSE2JTL3T4
Forrest,varius.ultrices.mauris@yahoo.couk,LMU32UYD3NXB6M9,LMU32UYD3NXB6M9
Dylan,nulla.integer.vulputate@google.org,ORR59NSB2DYK3P3,ORR59NSB2DYK3P3
Arthur,semper.nam.tempor@hotmail.ca,UFU41NHY2KGP9I3,UFU41NHY2KGP9I3
Dustin,phasellus.vitae.mauris@outlook.ca,XHN75IQJ7RLB5U3,XHN75IQJ7RLB5U3
Keaton,sed@aol.com,TOI09YEN0UBB5H4,TOI09YEN0UBB5H4
Hakeem,iaculis.nec.eleifend@google.couk,JJP45TPB6SEP1G2,JJP45TPB6SEP1G2
Carl,arcu@icloud.com,LJC71FWC4QOH4E2,LJC71FWC4QOH4E2
Mohammad,interdum.ligula@hotmail.com,MUR07TSM6YFN2R6,MUR07TSM6YFN2R6
Gwendolyn,netus@google.com,PBA67CVZ8BIP5J5,PBA67CVZ8BIP5J5
Kessie,metus@protonmail.ca,OOF02JIH3HNW3S7,OOF02JIH3HNW3S7
Macaulay,velit.quisque@hotmail.couk,NGE47LYP7YCG1J1,NGE47LYP7YCG1J1
Demetrius,nonummy.ut@outlook.org,GZK53CWP1BPI9O3,GZK53CWP1BPI9O3
Remedios,vehicula.risus@outlook.edu,PDB55IFA4MMF2K3,PDB55IFA4MMF2K3
Brittany,phasellus.ornare.fusce@aol.net,TPY22VXQ5NWC3B2,TPY22VXQ5NWC3B2
Natalie,nisl.elementum@hotmail.edu,HOP72TIJ9CGX5Y1,HOP72TIJ9CGX5Y1
Martin,erat.eget@icloud.net,IWT61WYG1WFW1Y0,IWT61WYG1WFW1Y0
Chelsea,egestas.aliquam@protonmail.couk,TJC13DNI7FOL9O4,TJC13DNI7FOL9O4
Alea,sed.nulla@protonmail.edu,OWE76WWW3BOX8N9,OWE76WWW3BOX8N9
Wendy,in.molestie.tortor@google.net,XWM68TDB4PXY2W1,XWM68TDB4PXY2W1
Caryn,ligula.eu.enim@hotmail.com,RVQ89USL8OEC9F1,RVQ89USL8OEC9F1
Connor,senectus@yahoo.couk,DFX44KXB6SAF4R9,DFX44KXB6SAF4R9
Austin,eros@icloud.net,CTJ85NVK0YKN6V7,CTJ85NVK0YKN6V7
Quemby,torquent.per@protonmail.ca,SOJ85TDX7VUF2Y4,SOJ85TDX7VUF2Y4
Remedios,cras.eu.tellus@yahoo.edu,WSS55IPV8CBJ7Y3,WSS55IPV8CBJ7Y3
Camden,in.molestie@aol.org,LEC54LWC1NCN2Q6,LEC54LWC1NCN2Q6
Shafira,etiam@google.com,USV62PIK7VME2N2,USV62PIK7VME2N2
Quail,dictum.magna.ut@icloud.ca,BOY46LLC8DIW5O4,BOY46LLC8DIW5O4
Kalia,sem.ut@outlook.ca,KOQ17YQN5WDQ8K3,KOQ17YQN5WDQ8K3
Steel,dolor@google.com,TIG13DQQ3CMG9J6,TIG13DQQ3CMG9J6
Serena,nunc@outlook.org,MYI49RXL4MCK1S0,MYI49RXL4MCK1S0
Leonard,vestibulum@icloud.net,HPL25ANM7VQT3T7,HPL25ANM7VQT3T7
Ifeoma,erat.nonummy.ultricies@icloud.com,HPC74RGC2TVA9U5,HPC74RGC2TVA9U5
Tanek,enim.mauris@hotmail.ca,ALH44FXL4FUN3V1,ALH44FXL4FUN3V1
Uriah,amet.ante@protonmail.net,MJX61JTD9LDP5S2,MJX61JTD9LDP5S2
Inga,pellentesque.habitant@google.net,KQU68HLA3MPH7I4,KQU68HLA3MPH7I4
Giacomo,cras.eu@google.edu,TZO86NGC2CCB1O3,TZO86NGC2CCB1O3
Jillian,lectus.cum@outlook.net,HRM53WWL7XCY2O1,HRM53WWL7XCY2O1
Aladdin,pellentesque@aol.org,PRF35ZQJ1KUJ9P4,PRF35ZQJ1KUJ9P4
Irma,a@icloud.couk,CQS54ANZ6XBU3L3,CQS54ANZ6XBU3L3
Harding,tristique.aliquet@outlook.couk,PAY92NHG7JLS0Y1,PAY92NHG7JLS0Y1
Vivian,luctus.aliquet.odio@yahoo.org,INX31DGN6RCE5Z5,INX31DGN6RCE5Z5
Nevada,ipsum.dolor@outlook.net,UBS11UEM1SVL8C6,UBS11UEM1SVL8C6
Knox,blandit.enim@icloud.edu,SQT88OPL2KKU4I8,SQT88OPL2KKU4I8
Dora,turpis.nulla.aliquet@icloud.couk,YLC55VFX7CZG2Y6,YLC55VFX7CZG2Y6
Idola,senectus.et.netus@hotmail.com,CKR13QHL0SYX7A4,CKR13QHL0SYX7A4
Inga,volutpat.nulla@aol.org,BBT71OTI3XHF6G6,BBT71OTI3XHF6G6
Hilel,vel.vulputate.eu@hotmail.org,RHG43VPD5KHV9D7,RHG43VPD5KHV9D7
Lewis,libero.est@aol.edu,LOP33UXE5SMB3E6,LOP33UXE5SMB3E6
Lester,consequat@icloud.net,YEC73NIV6CGO4J6,YEC73NIV6CGO4J6
Summer,dapibus.ligula@hotmail.net,KFS55LJC5YEQ7H5,KFS55LJC5YEQ7H5
Anastasia,consectetuer@aol.couk,OKU39QDT7LDW3L3,OKU39QDT7LDW3L3
Driscoll,metus.urna.convallis@outlook.couk,FIY22PTU8PKH4R4,FIY22PTU8PKH4R4
Abraham,turpis.vitae@hotmail.com,VKU57CBO6GGD4T0,VKU57CBO6GGD4T0
Tara,fermentum@protonmail.couk,SYR32CBR4CLJ7P9,SYR32CBR4CLJ7P9
Rashad,et.ipsum@icloud.net,BET45RDT6GLF9Q4,BET45RDT6GLF9Q4
Alden,auctor.velit@icloud.org,DLL60ZVY1LJE7N3,DLL60ZVY1LJE7N3
Kasper,neque.tellus.imperdiet@protonmail.ca,VHY43UJX7GOG6M0,VHY43UJX7GOG6M0
Beatrice,augue@icloud.org,OXC46WXP4XQL3G4,OXC46WXP4XQL3G4
Amela,quis.arcu@hotmail.com,WDE69YDL2ETB2P3,WDE69YDL2ETB2P3
Reagan,nec.diam.duis@icloud.edu,BIS13HDV5HCG2E5,BIS13HDV5HCG2E5
Solomon,nec.imperdiet@aol.net,PHU71LWC2CNE6W1,PHU71LWC2CNE6W1
Rana,adipiscing.lobortis@google.ca,ARV69CCN1UGJ5X3,ARV69CCN1UGJ5X3
Yen,lobortis.quis@aol.ca,WZR72TYR8QPC7K7,WZR72TYR8QPC7K7
Joy,gravida.mauris@outlook.com,REL11KKX9XQS3L8,REL11KKX9XQS3L8
Amos,vulputate@aol.couk,GSO71PGU3EEM7S5,GSO71PGU3EEM7S5
Nevada,habitant@icloud.net,KQG71LPT4OXN5I3,KQG71LPT4OXN5I3
Portia,odio.tristique@hotmail.couk,QNQ44YIO0EJQ8G7,QNQ44YIO0EJQ8G7
Caldwell,est.vitae@icloud.edu,OCI91FVM8UJR2W2,OCI91FVM8UJR2W2
Tana,proin.sed@aol.com,KLM38PCA2EDI5Y8,KLM38PCA2EDI5Y8
Skyler,condimentum.donec@icloud.ca,CZU62NOV2KIV8Y1,CZU62NOV2KIV8Y1
Naomi,pede.et@icloud.ca,YEQ19JGY7YVC6J7,YEQ19JGY7YVC6J7
Whitney,porttitor.vulputate@yahoo.ca,PKZ87OWL0IWE4P5,PKZ87OWL0IWE4P5
Veronica,cras@aol.net,TGA02AJE0DLJ8V2,TGA02AJE0DLJ8V2
Leigh,in.at@aol.org,LYW01IFM5OYM7J6,LYW01IFM5OYM7J6
Hunter,blandit.mattis.cras@outlook.edu,TIM36MJN8KPQ6C9,TIM36MJN8KPQ6C9
Finn,egestas.hendrerit.neque@icloud.couk,EPV96EON3MGS5M4,EPV96EON3MGS5M4
Elizabeth,interdum@hotmail.ca,HNY08REG6VCZ1V4,HNY08REG6VCZ1V4
Sydnee,nec@hotmail.ca,EMH36ROQ5OGN7E2,EMH36ROQ5OGN7E2
Grace,ultricies.adipiscing@hotmail.edu,XIH16XNB5DGQ2E4,XIH16XNB5DGQ2E4
Rina,aliquam.adipiscing@aol.ca,TGT35XOQ9HYP4H2,TGT35XOQ9HYP4H2
Boris,sed.dictum@protonmail.net,FFY90RWU3XHP3Q4,FFY90RWU3XHP3Q4
Vernon,mollis.duis@hotmail.couk,EXV28KAQ8QTP4H9,EXV28KAQ8QTP4H9
Kasper,donec.est@yahoo.org,ZUL04MBF7XLV8U3,ZUL04MBF7XLV8U3
Wade,non.dapibus@yahoo.org,IGJ72DFT1PKQ2X6,IGJ72DFT1PKQ2X6
Cameron,tellus.sem.mollis@outlook.net,VMT80CEI1PHK1L6,VMT80CEI1PHK1L6
Quon,sit.amet@icloud.com,TCR97YFZ7TDV4L8,TCR97YFZ7TDV4L8
Beau,nulla.cras@aol.org,IYY82BKV7OPV1P0,IYY82BKV7OPV1P0
Maggy,turpis.nec@google.org,CGY00LKO1IJZ9W4,CGY00LKO1IJZ9W4
Charles,pharetra@yahoo.org,MMM21YPD1GJL8J4,MMM21YPD1GJL8J4
Wing,purus.sapien@protonmail.edu,NHE51DSA2JVU2U3,NHE51DSA2JVU2U3
Amy,lorem.ipsum@hotmail.org,RMU25YQL3DMW6K1,RMU25YQL3DMW6K1
Kasimir,pede.ultrices@hotmail.net,QJZ10LKR6STJ2K2,QJZ10LKR6STJ2K2
Amal,pede.cras@yahoo.ca,FSU88QNR6VYN4I7,FSU88QNR6VYN4I7
Rose,iaculis.aliquet@icloud.edu,VSO19NVH5LEC7H0,VSO19NVH5LEC7H0
Georgia,auctor@hotmail.com,EPI67LSY2GAY6I9,EPI67LSY2GAY6I9
Olympia,molestie.arcu.sed@google.ca,MCD36OJY8ACP5T1,MCD36OJY8ACP5T1
Charlotte,lorem@protonmail.edu,WJG16IXX3DMQ5J5,WJG16IXX3DMQ5J5
Carissa,proin.sed.turpis@hotmail.ca,NIH15UFH9GHL9T8,NIH15UFH9GHL9T8
Jayme,suspendisse@yahoo.ca,JSP67DRC5FIM7Q5,JSP67DRC5FIM7Q5
Priscilla,lacus.pede.sagittis@yahoo.ca,XKT31QGW1HFU9Q7,XKT31QGW1HFU9Q7
Ray,aliquet.vel@google.org,JYD85KCV5CVS1W5,JYD85KCV5CVS1W5
Naomi,lectus.quis@protonmail.couk,CKF52YVK7GBK2T1,CKF52YVK7GBK2T1
Yvette,phasellus@icloud.edu,EGG26RJJ5OAN5Q1,EGG26RJJ5OAN5Q1
Zephania,tempor.arcu@google.edu,MXO55AUJ6CMV5I6,MXO55AUJ6CMV5I6
Lane,mauris.quis@aol.couk,HOU85MGC3CHM5G6,HOU85MGC3CHM5G6
Palmer,feugiat.nec.diam@icloud.couk,APF20UPN3UMO5W5,APF20UPN3UMO5W5
Kelsie,metus@protonmail.couk,DLH42KJN4OCO5G4,DLH42KJN4OCO5G4
Timon,accumsan@outlook.net,CWQ49MXL1MHK2S1,CWQ49MXL1MHK2S1
Rudyard,vel@hotmail.edu,PVH15SOU2HXN3U2,PVH15SOU2HXN3U2
Allistair,erat.vel@icloud.edu,OAL33TPA2UOS9Q7,OAL33TPA2UOS9Q7
Montana,mi.fringilla@protonmail.com,HVG85QDS6PDU7E8,HVG85QDS6PDU7E8
Neville,posuere.cubilia@yahoo.net,OWD81CXB6HTM0S7,OWD81CXB6HTM0S7
Perry,donec.porttitor.tellus@protonmail.ca,NEL28EYM4YTF6B4,NEL28EYM4YTF6B4
Ivan,donec.tincidunt@icloud.couk,KEH71FZB7WUK4U7,KEH71FZB7WUK4U7
Fallon,dolor@google.couk,URW45ESS0PRC6C4,URW45ESS0PRC6C4
Germaine,vitae@outlook.edu,BIK54UWS7ATN2U6,BIK54UWS7ATN2U6
Kasimir,sem.mollis.dui@google.org,ONO64LDQ4DRP6F1,ONO64LDQ4DRP6F1
Olivia,sed.id.risus@hotmail.couk,USO25SRJ2RNE1P5,USO25SRJ2RNE1P5
Yuli,sagittis@hotmail.couk,QWT34ACI8EKJ2O3,QWT34ACI8EKJ2O3
Lael,magna@icloud.ca,IRT77CIE7HJT8O5,IRT77CIE7HJT8O5
Dennis,est@protonmail.org,WYG73EWW6UYR1F5,WYG73EWW6UYR1F5
Cheryl,elit.pede@aol.edu,OZK44MVF3JHE1F7,OZK44MVF3JHE1F7
Beau,consectetuer@yahoo.net,BZX31MGD0NWR1N5,BZX31MGD0NWR1N5
Samuel,vestibulum.accumsan@icloud.edu,UXD44PIW2NUR3Z4,UXD44PIW2NUR3Z4
Stewart,auctor.mauris@icloud.org,RFS33AOD6SCR1O4,RFS33AOD6SCR1O4
Keane,diam.nunc@aol.com,FLL61FIU0JUU9Y2,FLL61FIU0JUU9Y2
Carter,purus@icloud.com,EQQ20XMD7KSK4V4,EQQ20XMD7KSK4V4
Jason,purus.gravida.sagittis@icloud.org,VCR07XLG7HRX8F9,VCR07XLG7HRX8F9
Addison,fermentum.risus@yahoo.ca,FKR28MQI5SJX8N9,FKR28MQI5SJX8N9
Shelby,ac.arcu.nunc@protonmail.net,GLL00JVD8VBY5D2,GLL00JVD8VBY5D2
Kenyon,ultrices@hotmail.org,HEF40WIH4NTC5R1,HEF40WIH4NTC5R1
Ivory,urna.et@protonmail.org,HWB35FRP1HHG3T2,HWB35FRP1HHG3T2
Kirby,rhoncus.nullam@hotmail.net,TLN19ZIQ8SKN3X6,TLN19ZIQ8SKN3X6
Isaac,cursus@hotmail.org,KCB70VCO8FWS6J3,KCB70VCO8FWS6J3
Melanie,ac@aol.com,DEX43VAO7MVQ0I0,DEX43VAO7MVQ0I0
Ivor,erat.etiam@icloud.couk,UPP17GBA9HPU5H1,UPP17GBA9HPU5H1
Cameron,etiam.gravida@icloud.edu,DQW34JFR9JYC5L7,DQW34JFR9JYC5L7
Oscar,pede.suspendisse@hotmail.com,FTQ60QHH2SNG7C1,FTQ60QHH2SNG7C1
Jessica,sed.dictum@yahoo.net,JNR67JIJ3JWE4B2,JNR67JIJ3JWE4B2
Ferris,enim.mi@yahoo.ca,EJJ29LTX5ZFJ0L4,EJJ29LTX5ZFJ0L4
Dieter,pede.malesuada.vel@protonmail.org,MGG34MGU8WNV3Q9,MGG34MGU8WNV3Q9
Elliott,nunc@aol.net,NXY68XSP4IUM1B8,NXY68XSP4IUM1B8
Inga,ut@protonmail.couk,VCL32VMZ3TJH0L1,VCL32VMZ3TJH0L1
Grace,congue.elit.sed@icloud.couk,QBQ17NCG3KBT5B7,QBQ17NCG3KBT5B7
Brent,dapibus.gravida@google.edu,UJY54PZJ3SXO0Z7,UJY54PZJ3SXO0Z7
